ip_addr,ip_port,ip_type
61.135.217.7,80,HTTP
122.114.31.177,808,HTTP
183.159.95.219,18118,HTTPS
14.118.252.31,6666,HTTPS
60.177.227.149,18118,HTTPS
121.231.168.60,6666,HTTPS
218.72.66.233,18118,HTTPS
120.34.90.152,33709,HTTPS
183.159.95.103,18118,HTTP
60.177.226.53,18118,HTTP
183.159.88.111,18118,HTTPS
183.159.93.54,18118,HTTPS
183.159.90.244,18118,HTTPS
183.159.87.88,18118,HTTPS
60.177.231.172,18118,HTTP
60.177.226.160,18118,HTTPS
175.11.212.22,808,HTTPS
183.159.88.234,18118,HTTPS
60.177.224.173,18118,HTTP
218.72.109.88,18118,HTTP
183.159.87.255,18118,HTTPS
183.159.90.79,18118,HTTPS
218.72.110.74,18118,HTTPS
1.195.253.11,61234,HTTPS
183.159.92.163,18118,HTTPS
183.159.81.222,18118,HTTPS
114.99.25.49,18118,HTTP
223.241.78.225,8010,HTTPS
60.177.228.15,18118,HTTPS
183.159.93.30,18118,HTTPS
60.177.224.23,18118,HTTP
111.155.124.73,8123,HTTP
60.177.224.145,18118,HTTP
183.159.81.127,18118,HTTP
183.159.90.217,18118,HTTPS
223.241.78.96,18118,HTTP
183.159.86.68,18118,HTTPS
183.159.91.188,18118,HTTPS
60.177.226.200,18118,HTTP
183.159.86.92,18118,HTTP
123.161.119.21,61234,HTTP
111.180.140.170,61234,HTTP
183.159.89.129,18118,HTTPS
27.40.141.78,61234,HTTPS
223.241.79.132,18118,HTTP
60.177.230.129,18118,HTTP
14.118.252.60,6666,HTTPS
223.245.155.153,61234,HTTPS
223.241.79.183,18118,HTTP
183.159.86.117,18118,HTTPS
171.13.25.129,45538,HTTPS
117.95.199.247,35742,HTTPS
183.128.32.137,18118,HTTP
123.7.61.8,53281,HTTPS
117.64.225.180,18118,HTTPS
49.65.160.25,18118,HTTPS
183.159.83.235,18118,HTTP
223.241.78.20,18118,HTTPS
60.177.226.32,18118,HTTPS
223.241.116.33,18118,HTTPS
60.177.225.241,18118,HTTPS
223.241.118.28,8010,HTTPS
220.162.6.230,40249,HTTP
218.72.110.36,18118,HTTP
218.72.64.238,18118,HTTP
218.72.65.126,18118,HTTPS
121.31.197.66,8123,HTTPS
182.34.26.32,44780,HTTPS
223.241.78.16,8010,HTTP
110.73.41.201,8123,HTTPS
60.168.80.181,18118,HTTPS
121.31.199.155,8123,HTTP
112.228.130.176,8118,HTTP
183.159.83.158,18118,HTTPS
218.72.109.35,18118,HTTP
218.72.65.147,18118,HTTPS
183.159.82.71,18118,HTTPS
112.248.22.140,61234,HTTP
183.159.86.106,18118,HTTP
183.159.80.223,18118,HTTPS
117.68.194.127,18118,HTTPS
183.159.89.201,18118,HTTPS
183.159.92.234,18118,HTTP
1.199.209.49,61234,HTTPS
222.94.196.214,18118,HTTPS
60.177.228.144,18118,HTTPS
60.177.225.66,18118,HTTP
60.177.227.181,18118,HTTPS
218.72.111.156,18118,HTTP
218.72.111.195,18118,HTTPS
218.72.111.35,18118,HTTP
223.241.78.220,18118,HTTPS
121.237.139.44,18118,HTTPS
183.159.84.222,18118,HTTPS
125.121.113.75,6666,HTTPS
183.159.93.220,18118,HTTP
218.72.108.86,18118,HTTPS
1.199.208.241,61234,HTTP
27.40.135.131,61234,HTTP
183.159.93.238,18118,HTTPS
ip_addr,ip_port,ip_type
211.147.67.150,80,HTTP
223.241.118.108,8010,HTTP
223.241.116.149,8010,HTTPS
60.177.231.41,18118,HTTPS
223.241.78.37,8010,HTTP
49.82.247.46,22205,HTTPS
223.241.78.235,8010,HTTP
60.177.230.159,18118,HTTP
183.159.93.34,18118,HTTPS
183.159.88.19,18118,HTTP
60.177.226.19,18118,HTTP
117.68.193.96,18118,HTTP
223.241.116.44,8010,HTTPS
111.155.116.210,8123,HTTP
115.213.224.213,20922,HTTP
223.241.78.244,18118,HTTPS
223.241.78.164,8010,HTTP
121.237.141.209,18118,HTTPS
113.67.17.150,8118,HTTPS
223.241.118.29,18118,HTTP
183.159.81.43,18118,HTTPS
223.241.116.170,8010,HTTPS
27.40.148.93,61234,HTTPS
223.241.119.23,18118,HTTP
223.241.116.120,18118,HTTP
114.99.29.64,18118,HTTPS
183.159.95.82,18118,HTTPS
183.159.95.194,18118,HTTPS
60.177.227.109,18118,HTTP
183.159.91.116,18118,HTTP
117.36.103.170,8118,HTTPS
119.5.1.46,808,HTTP
183.159.92.211,18118,HTTPS
60.177.224.101,18118,HTTP
116.196.120.31,808,HTTP
183.172.169.237,8118,HTTPS
183.159.90.59,18118,HTTP
36.6.159.102,61234,HTTPS
14.118.255.242,6666,HTTPS
110.73.53.180,8123,HTTP
123.160.54.104,20294,HTTPS
60.177.226.197,808,HTTPS
125.109.195.157,42074,HTTPS
183.159.83.79,18118,HTTPS
125.109.192.54,42552,HTTPS
183.159.87.194,18118,HTTPS
110.73.1.143,8123,HTTP
111.170.82.84,61234,HTTP
183.159.83.71,18118,HTTP
218.72.66.157,18118,HTTPS
1.195.249.107,61234,HTTPS
183.159.81.81,18118,HTTPS
60.177.228.31,18118,HTTPS
60.177.227.98,18118,HTTP
120.92.117.188,10000,HTTPS
121.237.136.20,18118,HTTPS
121.237.139.211,18118,HTTPS
60.177.226.24,18118,HTTPS
183.159.91.240,18118,HTTP
223.241.79.124,18118,HTTP
180.121.135.234,808,HTTPS
183.159.88.254,18118,HTTPS
218.72.109.103,18118,HTTPS
223.241.78.78,8010,HTTP
223.241.117.155,8010,HTTP
183.159.90.185,18118,HTTP
60.177.231.91,18118,HTTP
183.159.93.147,18118,HTTPS
183.159.87.117,18118,HTTPS
183.159.94.225,18118,HTTPS
183.159.81.152,18118,HTTP
183.159.83.214,18118,HTTPS
119.5.1.14,808,HTTP
60.177.227.11,18118,HTTP
222.182.225.133,61234,HTTPS
183.159.80.207,18118,HTTPS
223.241.78.227,8010,HTTP
110.73.49.72,8123,HTTP
223.241.116.161,8010,HTTPS
183.159.84.6,18118,HTTPS
218.72.108.48,18118,HTTPS
183.159.94.124,18118,HTTPS
223.241.116.84,18118,HTTPS
60.177.229.10,18118,HTTPS
1.196.135.254,61234,HTTPS
183.159.90.29,18118,HTTPS
183.159.85.56,18118,HTTP
223.241.118.137,8010,HTTPS
223.241.116.36,8010,HTTPS
60.177.229.30,18118,HTTPS
183.159.92.200,18118,HTTPS
14.118.255.14,6666,HTTPS
218.72.109.239,18118,HTTP
121.31.194.138,8123,HTTP
223.241.116.233,18118,HTTPS
110.73.5.107,8123,HTTP
223.241.119.121,8010,HTTPS
60.182.191.73,28311,HTTPS
183.159.83.147,18118,HTTP
14.118.254.6,6666,HTTPS
ip_addr,ip_port,ip_type
117.57.98.139,61234,HTTP
180.155.131.117,24684,HTTP
183.159.86.135,18118,HTTPS
218.72.109.165,18118,HTTPS
223.241.79.119,8010,HTTPS
183.159.80.123,18118,HTTP
114.226.135.75,6666,HTTP
218.72.109.248,18118,HTTPS
183.159.90.93,18118,HTTPS
1.194.133.64,61234,HTTP
183.159.94.111,18118,HTTP
223.241.118.104,8010,HTTPS
60.177.224.238,18118,HTTPS
121.12.148.117,808,HTTPS
183.159.80.166,18118,HTTPS
60.177.227.143,18118,HTTPS
183.159.85.51,18118,HTTPS
183.159.92.254,18118,HTTPS
36.6.140.152,61234,HTTP
223.241.117.214,18118,HTTPS
183.159.88.12,18118,HTTP
183.159.87.131,18118,HTTPS
123.163.81.89,44743,HTTP
140.224.98.54,43480,HTTP
110.73.4.79,8123,HTTP
223.241.119.13,8010,HTTPS
111.170.105.54,61234,HTTP
223.241.79.44,8010,HTTPS
115.198.32.121,6666,HTTPS
115.46.68.3,8123,HTTP
60.177.231.247,18118,HTTP
60.177.225.47,18118,HTTPS
27.40.137.108,61234,HTTP
223.241.118.227,18118,HTTP
218.72.110.71,18118,HTTPS
218.72.109.18,18118,HTTPS
60.177.224.166,18118,HTTPS
223.241.116.227,18118,HTTPS
121.31.176.123,8123,HTTPS
180.125.46.238,35483,HTTPS
27.204.255.204,61234,HTTPS
60.177.228.169,18118,HTTPS
218.72.108.201,18118,HTTP
113.87.194.227,61234,HTTPS
110.82.102.129,37329,HTTPS
14.118.255.137,6666,HTTPS
110.82.102.129,37329,HTTP
183.159.95.209,18118,HTTPS
223.241.117.122,8010,HTTP
223.241.119.98,18118,HTTPS
223.241.79.32,18118,HTTP
115.204.30.105,6666,HTTPS
183.159.91.101,18118,HTTPS
14.118.255.62,6666,HTTPS
183.159.81.159,18118,HTTP
183.159.87.26,18118,HTTPS
183.159.91.219,18118,HTTPS
183.159.95.148,18118,HTTPS
60.177.231.194,18118,HTTPS
183.159.81.215,18118,HTTPS
183.159.84.14,18118,HTTP
223.241.117.56,8010,HTTPS
121.237.162.248,39731,HTTP
223.145.229.128,6666,HTTP
121.231.168.171,6666,HTTP
183.159.83.168,18118,HTTPS
183.159.81.204,18118,HTTPS
113.120.62.114,39892,HTTPS
125.118.76.33,6666,HTTPS
144.255.15.117,20707,HTTPS
183.159.82.98,18118,HTTP
183.159.91.196,18118,HTTPS
113.105.201.165,808,HTTPS
223.241.116.6,8010,HTTP
183.159.91.53,18118,HTTP
115.46.98.166,8123,HTTP
110.73.50.198,8123,HTTP
223.241.118.32,18118,HTTPS
120.42.127.112,21895,HTTPS
183.159.87.242,18118,HTTP
183.159.92.48,18118,HTTPS
183.159.92.88,18118,HTTPS
183.159.84.56,18118,HTTPS
110.73.30.126,8123,HTTP
218.72.109.231,18118,HTTPS
117.68.194.155,18118,HTTPS
1.195.250.108,61234,HTTPS
223.241.78.35,8010,HTTPS
114.99.28.30,18118,HTTPS
60.177.228.78,18118,HTTPS
183.159.91.253,18118,HTTPS
60.177.226.252,18118,HTTPS
183.159.94.185,18118,HTTP
14.118.254.38,6666,HTTPS
223.241.117.152,8010,HTTPS
183.159.84.182,18118,HTTPS
183.159.90.86,18118,HTTPS
110.73.6.124,8123,HTTP
183.159.87.199,18118,HTTP
223.241.118.136,8010,HTTPS
